undergraduate,
graduate,
research,
laboratory,
survey,
experiment,
academic,
personal,
interview,
accounting,
linguistics,
ESL,
TESL,
art history,
visual fine art,
biochemistry,
microbiology,
prehealth,
marine biology,
chemistry,
business admin,
economics,
finance,
marketing,
engineering,
communication,
cinema,
media studies,
mathematics,
data science,
simulation,
compsci,
info technology,
counseling,
writing,
criminology,
cybersecurity,
AI,
dental hygiene,
ECE,
ecology,
aerospace,
biomedical,
mechanical,
english,
lit and comp,
journalism,
fine arts,
graphic design,
painting,
drawing,
photography,
print media,
geography,
urban planning,
health science,
history,
human services,
app development,
database,
ecommerce,
infosys,
game studies,
game design,
leadership,
intl studies,
big data,
analytics,
lab science,
ROTC,
music,
vocal,
music recording,
naval science,
nursing,
midwifery,
postlicensure,
prelicensure,
earth science,
oceanography,
philosophy,
politics,
legal studies,
religion,
phys ed,
coaching,
phys therapy,
physics,
astrophysics,
polisci,
global politics,
psychology,
public admin,
public health,
reading,
sociology,
audiology,
theater,
theatre,
dance,
design tech,
performance,
womens studies,
world languages,
world cultures,
french,
german,
japanese,
spanish,
arabic,
programming,
ethics,
digital art,
design,
modeling,
biology